 <!-- Event File v6.0 -->
 
 <EventFile Repeat="Year">
	<Variable Name="DayNumber" Select="86400"/>
	
	<!-- Built in Holidays. Add Inactive="true" to disable. -->
		
	<!-- Normal Holidays -->
	<Set Month="1">
		<Event Day="1">Ano Novo</Event>
		<Event Day="{$ThirdMon}">Martin Luther King, Jr. Day</Event>
	</Set>
	<Set Month="2">
		<Event Day="20">Carnaval</Event>
		<Event Day="21">Carnaval</Event>
		<Event Day="22">Carnaval</Event>
	</Set>
	<Set Month="3">
	
	</Set>
	<Set Month="4">
		<Event Day="1">Dia da Mentira</Event>
		<Event Day="9">Sexta-Feira Santa</Event>
		<Event Day="9">Páscoa</Event>
		<Event Day="22">Dia de Tiradentes</Event>
	</Set>
	<Set Month="5">
		<Event Day="1">Dia do Trabalho</Event>
		<Event Day="{$SecondSun}">Dia das Mães</Event>
	</Set>
	<Set Month="6">
	<Event Day="8">Corpus Christi</Event>
	<Event Day="12">Dia dos Namorados</Event>
	</Set>
	<Set Month="7">
	
	</Set>
	<Set Month="8">
	<Event Day="{$SecondSun}">Dia dos Pais</Event>
	</Set>
	<Set Month="9">
		<Event Day="7">Independência do Brasil</Event>
		<Event Day="20">Proc. República Rio Grandense</Event>
	</Set>
	<Set Month="10">
		<Event Day="12">Nossa Senhora Aparecida</Event>
		<Event Day="31">Halloween</Event>
	</Set>
	<Set Month="11">
		<Event Day="2">Dia de Finados</Event>
		<Event Day="15">Proclamação da República</Event>
	</Set>
	<Set Month="12">
		<Event Day="24">Natal</Event>
		<Event Day="25">Natal</Event>
		<Event Day="31">Ano Novo</Event>
	</Set>
</EventFile>