 <EventFile Repeat="Year">
	<Variable Name="DayNumber" Select="86400"/>
	
	<!-- Built in Holidays. Add Inactive="true" to disable. -->
	<Event TimeStamp="({$Easter:Stamp}-48*{$DayNumber})">Rosenmontag</Event>
	<Event TimeStamp="({$Easter:Stamp}-47*{$DayNumber})">Faschingsdienstag</Event>
	<Event TimeStamp="({$Easter:Stamp}-46*{$DayNumber})">Asche Mittwoch</Event>
	<Event TimeStamp="({$Easter:Stamp}-7*{$DayNumber})">Palmsonntag</Event>
	<Event TimeStamp="({$Easter:Stamp}-3*{$DayNumber})">GrÃ¼ndonnerstag</Event>
	<Event TimeStamp="({$Easter:Stamp}-2*{$DayNumber})">Karfreitag</Event>
	<Event Month="{$Easter:Month}" Day="{$Easter:Day}">Ostern</Event>
	<Event TimeStamp="({$Easter:Stamp}+1*{$DayNumber})">Ostermontag</Event>
	<Event TimeStamp="({$Easter:Stamp}+39*{$DayNumber})">Christi Himmelfahrt und Vatertag</Event>
	<Event TimeStamp="({$Easter:Stamp}+49*{$DayNumber})">Pfingstsonntag</Event>
	<Event TimeStamp="({$Easter:Stamp}+50*{$DayNumber})">Pfingstmontag</Event>
	<Event TimeStamp="({$Easter:Stamp}+60*{$DayNumber})">Fronleichnam</Event>

	
	<!-- Normal Holidays -->
	<Set Month="1">
		<Event Day="1">Neujahrstag</Event>
		<Event Day="27">Holocaust-Gedenktag</Event>
	</Set>
	<Set Month="2">
		<Event Day="14">Valentinstag</Event>
	</Set>
	<Set Month="3">
		<Event Day="8">Internationaler Frauentag</Event>
	</Set>
	<Set Month="5">
		<Event Day="1">Tag der Arbeit</Event>
		<Event Day="8">Jahrestag der Befreiung vom Nationalsozialismus</Event>
		<Event Day="{$SecondSun}">Muttertag</Event>
	</Set>
	<Set Month="6">
		<Event Day="1">internationale Kindertag</Event>
		<Event Day="26">Sommersonnenwende</Event>
	</Set>
	<Set Month="10">
		<Event Day="3">Tag der Deutschen Einheit</Event>
		<Event Day="31">Halloween und Reformationstag</Event>
	</Set>
	<Set Month="11">
		<Event Day="11">St. Martin</Event>
	</Set>
	<Set Month="12">
		<Event Day="1">Welt-AIDS-Tag</Event>
		<Event Day="6">Nikolaustag</Event>
		<Event Day="21">Wintersonnenwende</Event>
		<Event Day="24">Heiligabend</Event>
		<Event Day="25">Erster Weihnachtstag</Event>
		<Event Day="26">Zweiter Weihnachtstag</Event>
		<Event Day="31">Silvester</Event>
	</Set>
</EventFile>