 <!-- Event File v6.0 -->
 
 <EventFile Repeat="Year">
	<Variable Name="DayNumber" Select="86400"/>
	
	<!-- Built in Holidays. Add Inactive="true" to disable. -->
	<Event TimeStamp="({$Easter:Stamp}-2*{$DayNumber})">Good Friday</Event>
	<Event TimeStamp="({$Easter:Stamp}+1*{$DayNumber})">Easter Monday</Event>
	<Event TimeStamp="({$Easter:Stamp}+8*{$DayNumber})">St. George's Day (NL)</Event>
	
	<!-- Normal Holidays -->
	<Set Month="1">
		<Event Day="1">New Years Day</Event>
		<Event Day="2">Day after New Years Day (QC)</Event>
	</Set>
	<Set Month="2">
		<Event Day="14">Valentines Day</Event>
		<Event Day="{$ThirdMon}">Islander Day (PE)</Event>
		<Event Day="{$ThirdMon}">Family Day (BC, AB, SK, ON, NB)</Event>
		<Event Day="{$ThirdMon}">Heritage Day (NS)</Event>
		<Event Day="{$ThirdMon}">Louis Riel Day (MB)</Event>
	</Set>
	<Set Month="3">
		<Event Day="17">St. Patrick's Day</Event>
	</Set>
	<Set Month="4">
	</Set>
	<Set Month="5">
		<Event Day="{$SecondSun}">Mother's Day</Event>
	</Set>
	<Set Month="6">
		<Event Day="21">Indigenous People's Day (NT, YT)</Event>
		<Event Day="24">Discovery Day (NL)</Event>
		<Event Day="24">St. Jean Baptiste Day (QC)</Event>
		<Event Day="{$ThirdSun}">Father's Day</Event>
	</Set>
	<Set Month="7">
		<Event Day="1" Year="1867" Anniversary="true">Canada Day</Event>
		<Event Day="9">Nunavut Day (NU)</Event>
	</Set>
	<Set Month="8">
		<Event Day="{$FirstMon}">Civic Holday (AB, BC, SK, ON, NB, NU)</Event>
		<Event Day="{$ThirdMon}">Discovery Day (YT)</Event>
	</Set>
	<Set Month="9">
		<Event Day="{$FirstMon}">Labour Day</Event>
		<Event Day="30">National Day for Truth and Reconciliation</Event>
	</Set>
	<Set Month="10">
		<Event Day="{$SecondMon}">Thanksgiving (Nationwide except NB, NS, PE, NL)</Event>
		<Event Day="31">Halloween</Event>
	</Set>
	<Set Month="11">
		<Event Day="11">Rememberance Day</Event>
	</Set>
	<Set Month="12">
		<Event Day="25">Christmas Day</Event>
		<Event Day="26">Boxing Day</Event>
	</Set>
</EventFile>