 <EventFile Repeat="Year">
	<Variable Name="DayNumber" Select="86400"/>
	
	<!-- Built in Holidays. Add Inactive="true" to disable. -->
	<Event TimeStamp="({$Easter:Stamp}-2*{$DayNumber})">Good Friday</Event>
	<Event Month="{$Easter:Month}" Day="{$Easter:Day}">Easter Sunday</Event>
	<Event TimeStamp="({$Easter:Stamp}-46*{$DayNumber})">Ash Wednesday</Event>
	<Event TimeStamp="({$Easter:Stamp}-47*{$DayNumber})">MardiGras</Event>
	
	<!-- Normal Holidays -->
	<Set Month="1">
		<Event Day="1">New Years Day</Event>
		<Event Day="13">Lohri</Event>
		<Event Day="SecondThu">Makar Sankrati</Event>
		<Event Day="SecondThu">Pongal</Event>
		<Event Day="20">Guru Govind Jayanti</Event>
		<Event Day="26">Republic Day</Event>
	</Set>
	<Set Month="2">
		<Event Day="16">Vasant Panchami</Event>
		<Event Day="19">Shivaji Jayanti</Event>
		<Event Day="14">Valentines Day</Event>
		<Event Day="27">Guru Ravidas Jayanti</Event>
	</Set>
	<Set Month="3">
		<Event Day="8">Maharishi Dayanand Sarasvati Jayanti</Event>
		<Event Day="11">Maha Shivratri</Event>
		<Event Day="28">Holika Dahan</Event>
		<Event Day="29">Holi</Event>
	</Set>
	<Set Month="4">
		<Event Day="1">April Fool's Day</Event>
		<Event Day="2">Good Friday</Event>
		<Event Day="4">Easter Day</Event>
		<Event Day="13">Gudi Padwa</Event>
		<Event Day="$SecondWed">Ambedkar Jayanti</Event>
		<Event Day="$secondWed">Vaisakhi</Event>
		<Event Day="21">Rama Navami</Event>
		<Event Day="25">Mahavir Jayanti</Event>
	</Set>
	<Set Month="5">
		<Event Day="9">Ravindranath tagore Jayanti</Event>
		<Event Day="14">Ramzan Id</Event>
		<Event Day="26">Buddha Purnima</Event>
	</Set>
	<Set Month="7">
		<Event Day="12">Rath yatra</Event>
		<Event Day="21">Bakri Id</Event>
	</Set>
	<Event Month="8">
		<Event Day="9">Muharram</Event>
		<Event Day="15">Independance Day</Event>
		<Event Day="21">Onam</Event>
		<Event Day="22">Raksha Bandhan</Event>
		<Event Day="30">Janmashtami</Event>
	</Set>
		<Event Month="9">Ganesh Chaturthi</Event>
	<Set Month="10">
		<Event Day="2">Mahatma Gandhi Jayanti</Event>
		<Event Day="7">Sharad Navratri</Event>
		<Event Day="11">First Day of Durga pooja</Event>
		<Event Day="12">Maha saptami</Event>
		<Event Day="13">Maha Ashtami</Event>
		<Event Day="14">Maha Navami</Event>
		<Event Day="15">Dussehra</Event>
		<Event Day="20">Maharishi Valmiki Jayanti</Event>
		<Event Day="24">Karva Chauth</Event>
	</Set>
	<Set Month="11">
		<Event Day="4">Dawali</Event>
		<Event Day="5">Govardhan Puja</Event>
		<Event Day="6">Bhai Duj</Event>
		<Event Day="10">Chhat Pooja</Event>
		<Event Day=""></Event>Guru nanak Jayanti
	</Set>
	<Set Month="12">
		<Event Day="24">Christmas Eve</Event>
		<Event Day="25">Christmas Day</Event>
		<Event Day="31">New Years Eve</Event>
	</Set>
</EventFile>