 <!-- Event File v6.0 -->
 
 <EventFile Repeat="Year">
	<Variable Name="DayNumber" Select="86400"/>
	
	<!-- Built in Holidays. Add Inactive="true" to disable. -->
	<Event Month="{$Easter:Month}" Day="{$Easter:Day}-2">Veľký piatok</Event>
	<Event Month="{$Easter:Month}" Day="{$Easter:Day}">Veľká noc</Event>
	<Event Month="{$Easter:Month}" Day="{$Easter:Day}+1">Veľkonočný pondelok</Event>
	<!-- Normal Holidays -->
	<Set Month="1">
		<Event Day="1">Deň vzniku Slovenskej rebupliky</Event>
		<Event Day="1">Nový rok</Event>
		<Event Day="6">Zjavenie Pána - Traja králi</Event>
	</Set>
	<Set Month="2">
	</Set>
	<Set Month="3">
	</Set>
	<Set Month="4">
	</Set>
	<Set Month="5">
		<Event Day="1">Sviatok práce</Event>
		<Event Day="8">Deň víťazstva nad fašižmom</Event>
	</Set>
	<Set Month="6">
	</Set>
	<Set Month="7">
	    <Event Day="5">Sv. Cyrila a sv. Metoda</Event>
	</Set>
	<Set Month="8">
		<Event Day="29">Výročie SNP</Event>
	</Set>
	<Set Month="9">
		<Event Day="1">Deň ústavy Slovenskej republiky</Event>
		<Event Day="15">Sedembolestná Panna Mária</Event>
	</Set>
	<Set Month="10">
	</Set>
	<Set Month="11">
		<Event Day="1">Sviatok Všetkých svätých</Event>
		<Event Day="17">Deň boja za slobodu a demokraciu</Event>
	</Set>
	<Set Month="12">
		<Event Day="24">Štedrý deň</Event>
		<Event Day="25">Prvý sviatok vianočný</Event>
		<Event Day="26">Druhý sviatok vianočný</Event>
	</Set>
</EventFile>